"First Name","Last Name","Gender","Age","Occupation"
"Lyndon","Cole","Male","23","Social Worker"
"Robert","Thompson","Male","24","Carpenter"
"Emily","Kelly","Female","27","Fashion Designer"
"Annabella","Andrews","Female","20","Physicist"
"Violet","Holmes","Female","24","Lecturer"
"Jasmine","Anderson","Female","28","Fine Artist"
"Agata","Douglas","Female","18","Geologist"
"Sarah","Holmes","Female","20","Architect"
"Garry","Davis","Male","24","Photographer"
"Sofia","Allen","Female","29","Engineer"
"Thomas","Wells","Male","20","Fashion Designer"
"Kelvin","Douglas","Male","26","Salesman"
"Catherine","Foster","Female","26","Mechanic"
"Garry","Perkins","Male","29","Journalist"
"Frederick","Murray","Male","26","Mechanic"
"Rebecca","Murphy","Female","27","Dancer"
"Roman","Williams","Male","21","Biochemist"
"Frederick","Stewart","Male","19","Cook"
"Amanda","Ellis","Female","25","Baker"
"Melanie","Cameron","Female","21","Photographer"
"Walter","Wilson","Male","30","Architect"
"Edwin","Carter","Male","23","Driver"
"Roland","Baker","Male","20","Geologist"
"Ryan","Baker","Male","26","Pharmacist"
"Lucia","Evans","Female","20","Teacher"
"John","Ferguson","Male","24","Jeweller"
"Roman","Tucker","Male","30","Photographer"
"Eric","Lloyd","Male","19","Salesman"
"Byron","Kelley","Male","20","Accountant"
"April","Roberts","Female","18","Social Worker"
"Olivia","Morris","Female","29","Jeweller"
"Adam","West","Male","29","Mechanic"
"Kristian","Bailey","Male","25","Salesman"
"Miller","Watson","Male","20","Actor"
"Amelia","Higgins","Female","30","Actor"
"Ryan","Spencer","Male","25","Auditor"
"Nicole","Barrett","Female","23","Meteorologist"
"Jared","Kelley","Male","30","Teacher"
"Elian","Robinson","Male","30","Actor"
"Edgar","Stevens","Male","27","Meteorologist"
"Kelvin","Cameron","Male","27","Mechanic"
"Justin","Stewart","Male","23","Meteorologist"
"Elise","Carter","Female","21","Agronomist"
"Jacob","Wells","Male","30","Physicist"
"Kate","Gibson","Female","30","Scientist"
"Cherry","Baker","Female","28","Chemist"
"Amanda","Ryan","Female","26","Architect"
"Natalie","Jones","Female","30","Pharmacist"
"Jack","West","Male","24","Accountant"
"Eric","Hill","Male","28","Physicist"
"Gianna","Fowler","Female","26","Chemist"
"Tess","Wilson","Female","25","Photographer"
"Stuart","Cameron","Male","26","Geologist"
"Patrick","Wright","Male","28","Botanist"
"Aston","Lloyd","Male","23","Graphic Designer"
"Lydia","Harris","Female","25","Actor"
"Audrey","Chapman","Female","19","Scientist"
"Edgar","Brooks","Male","21","Social Worker"
"Roman","Barrett","Male","30","Cook"
"Preston","Thompson","Male","23","Mathematician"
"Lilianna","Stevens","Female","28","Jeweller"
"Roland","Payne","Male","25","Interpreter"
"Jack","Smith","Male","29","Dancer"
"Daryl","Evans","Male","18","Accountant"
"Bruce","Hamilton","Male","21","Mechanic"
"Walter","Rogers","Male","23","Teacher"
"Kellan","Anderson","Male","27","Singer"
"Amy","Cole","Female","21","Auditor"
"Elise","Gibson","Female","28","Cook"
"Luke","Dixon","Male","24","Medic"
"Kristian","Cole","Male","21","Insurer"
"Camila","West","Female","26","Insurer"
"Michelle","Hunt","Female","28","Interior Designer"
"Alford","Edwards","Male","21","Graphic Designer"
"Albert","Foster","Male","18","Driver"
"Alisa","Williams","Female","27","Physicist"
"Julia","Brown","Female","30","Botanist"
"Stella","Grant","Female","25","Fine Artist"
"Sabrina","Casey","Female","28","Actor"
"James","Cunningham","Male","22","Fashion Designer"
"Nicole","Ferguson","Female","19","Florist"
"Emily","Brown","Female","26","Engineer"
"Lyndon","West","Male","22","Economist"
"Isabella","Myers","Female","21","Florist"
"Kelsey","Watson","Female","27","Architect"
"Sawyer","Craig","Male","24","Lawer"
"Lucas","Roberts","Male","29","Salesman"
"Kate","Mitchell","Female","20","Composer"
"Leonardo","Edwards","Male","18","Auditor"
"Dexter","Gray","Male","22","Chemist"
"Audrey","Richardson","Female","24","Fine Artist"
"Leonardo","Barnes","Male","27","Singer"
"Rebecca","Sullivan","Female","22","Botanist"
"Alexander","Cunningham","Male","27","Fine Artist"
"Deanna","Higgins","Female","19","Lawer"
"Tess","Higgins","Female","29","Geologist"
"Lucas","Thompson","Male","26","Botanist"
"Stella","Craig","Female","24","Teacher"
"Tyler","Richardson","Male","21","Interpreter"
"Dainton","Tucker","Male","24","Lawer"
